{
  "scenario": "star_A_out",
  "n_players": 3,
  "player_ids": [
    "B",
    "C",
    "D"
  ],
  "covariance": {
    "min_eig_before": 0.9986817864947094,
    "min_eig_after": 0.9986817864947094,
    "jitter_used": 0.0,
    "stress_scale": 1.0
  },
  "summary": {
    "players": {
      "B": {
        "mean": 17.954700207428704,
        "std": 4.523694082181513,
        "p05": 10.479796110282061,
        "p10": 12.174539342403769,
        "p50": 17.949408298502995,
        "p90": 23.71606792610273,
        "p95": 25.41316263496784,
        "min": 0.0,
        "max": 38.155879129615904
      },
      "C": {
        "mean": 15.004335380396634,
        "std": 3.994423639955415,
        "p05": 8.473374732820952,
        "p10": 9.82627135263832,
        "p50": 15.006821034027698,
        "p90": 20.1246170278148,
        "p95": 21.548079744061646,
        "min": 0.0,
        "max": 29.982724739227752
      },
      "D": {
        "mean": 12.031290351007183,
        "std": 3.503109875580043,
        "p05": 6.307294475562861,
        "p10": 7.578929809765075,
        "p50": 12.054400345719955,
        "p90": 16.530718620179883,
        "p95": 17.793732809857698,
        "min": 0.0,
        "max": 25.796225751989454
      }
    }
  },
  "portfolio": {
    "total_mean": 44.99032593883253,
    "total_std": 6.976663520716492,
    "total_var95": 33.592050192326994,
    "total_cvar95": 30.604119548566153,
    "total_p10": 36.05973606023143,
    "total_p50": 44.966727281174265,
    "total_p90": 53.92125889058969
  },
  "parlay_ev": null,
  "usage_shift": {
    "out_player": "A",
    "usage_before": {
      "A": 0.3,
      "B": 0.26,
      "C": 0.22,
      "D": 0.18
    },
    "usage_after": {
      "B": 0.39499015035341684,
      "C": 0.30652988916419843,
      "D": 0.2584799604823847
    },
    "redistribution": [
      {
        "player_id": "B",
        "original_usage": 0.26,
        "added_usage": 0.13499015035341683,
        "new_usage": 0.39499015035341684,
        "mean_increase": 0.06616660068116684,
        "variance_increase": 0.0017741579812415502,
        "confidence": 0.7144761904761905
      },
      {
        "player_id": "C",
        "original_usage": 0.22,
        "added_usage": 0.08652988916419846,
        "new_usage": 0.30652988916419843,
        "mean_increase": 0.036363155803526254,
        "variance_increase": 0.0006816089252395756,
        "confidence": 0.6796190476190477
      },
      {
        "player_id": "D",
        "original_usage": 0.18,
        "added_usage": 0.0784799604823847,
        "new_usage": 0.2584799604823847,
        "mean_increase": 0.028514385641933107,
        "variance_increase": 0.0005546698723901986,
        "confidence": 0.6540952380952381
      }
    ]
  }
}