{
  "scenario": "star_A_out",
  "n_players": 4,
  "player_ids": [
    "A",
    "B",
    "C",
    "D"
  ],
  "covariance": {
    "min_eig_before": 0.9979287652945311,
    "min_eig_after": 0.9979287652945311,
    "jitter_used": 0.0,
    "stress_scale": 1.0
  },
  "summary": {
    "players": {
      "A": {
        "mean": 22.035163585942758,
        "std": 5.005042964791858,
        "p05": 13.78364617593727,
        "p10": 15.678639862594924,
        "p50": 22.079915082485456,
        "p90": 28.427753368923895,
        "p95": 30.23146654507579,
        "min": 2.299958110189664,
        "max": 40.63916672381593
      },
      "B": {
        "mean": 17.9779997882131,
        "std": 4.481345715431939,
        "p05": 10.614622749008857,
        "p10": 12.204033449093805,
        "p50": 17.982774667489792,
        "p90": 23.735084167575124,
        "p95": 25.327645888973663,
        "min": 0.0,
        "max": 35.33543198834131
      },
      "C": {
        "mean": 15.009857792730516,
        "std": 4.036729751017311,
        "p05": 8.344415151699007,
        "p10": 9.849545593365374,
        "p50": 15.007483505348791,
        "p90": 20.193044472772634,
        "p95": 21.689431610134005,
        "min": 0.0,
        "max": 29.403741507322792
      },
      "D": {
        "mean": 12.001300495858395,
        "std": 3.494291794921065,
        "p05": 6.338531796089348,
        "p10": 7.498702197563591,
        "p50": 12.01277442782218,
        "p90": 16.486910574036894,
        "p95": 17.768030482431598,
        "min": 0.0,
        "max": 27.6798941605077
      }
    }
  },
  "portfolio": {
    "total_mean": 67.02432166274475,
    "total_std": 8.569931806249327,
    "total_var95": 52.91904624311426,
    "total_cvar95": 49.48255331186066,
    "total_p10": 56.059531820273634,
    "total_p50": 67.0127948666607,
    "total_p90": 78.09477631500476
  },
  "parlay_ev": null,
  "usage_shift": {
    "out_player": "A",
    "usage_before": {
      "A": 0.3,
      "B": 0.26,
      "C": 0.22,
      "D": 0.18
    },
    "usage_after": {
      "B": 0.39499015035341684,
      "C": 0.30652988916419843,
      "D": 0.2584799604823847
    },
    "redistribution": [
      {
        "player_id": "B",
        "original_usage": 0.26,
        "added_usage": 0.13499015035341683,
        "new_usage": 0.39499015035341684,
        "mean_increase": 0.06616660068116684,
        "variance_increase": 0.0017741579812415502,
        "confidence": 0.7144761904761905
      },
      {
        "player_id": "C",
        "original_usage": 0.22,
        "added_usage": 0.08652988916419846,
        "new_usage": 0.30652988916419843,
        "mean_increase": 0.036363155803526254,
        "variance_increase": 0.0006816089252395756,
        "confidence": 0.6796190476190477
      },
      {
        "player_id": "D",
        "original_usage": 0.18,
        "added_usage": 0.0784799604823847,
        "new_usage": 0.2584799604823847,
        "mean_increase": 0.028514385641933107,
        "variance_increase": 0.0005546698723901986,
        "confidence": 0.6540952380952381
      }
    ]
  }
}