{
  "scenario": "baseline",
  "n_players": 4,
  "player_ids": [
    "A",
    "B",
    "C",
    "D"
  ],
  "covariance": {
    "min_eig_before": 0.9984588338526939,
    "min_eig_after": 0.9984588338526939,
    "jitter_used": 0.0,
    "stress_scale": 1.0
  },
  "summary": {
    "players": {
      "A": {
        "mean": 22.035163585942758,
        "std": 5.005042964791859,
        "p05": 13.783646175937267,
        "p10": 15.678639862594922,
        "p50": 22.079915082485456,
        "p90": 28.4277533689239,
        "p95": 30.23146654507579,
        "min": 2.2999581101896602,
        "max": 40.63916672381594
      },
      "B": {
        "mean": 17.97800316144378,
        "std": 4.481347597395177,
        "p05": 10.61518792867056,
        "p10": 12.204310562664578,
        "p50": 17.982551099253282,
        "p90": 23.734816249850603,
        "p95": 25.32665028660985,
        "min": 0.0,
        "max": 35.33568059205007
      },
      "C": {
        "mean": 15.009859286599061,
        "std": 4.036734656860984,
        "p05": 8.343634938611952,
        "p10": 9.849805672561407,
        "p50": 15.007874557342648,
        "p90": 20.192946941014824,
        "p95": 21.688771387718788,
        "min": 0.0,
        "max": 29.40583462554389
      },
      "D": {
        "mean": 12.00130347201528,
        "std": 3.4942832171114246,
        "p05": 6.338662780124879,
        "p10": 7.497858936362104,
        "p50": 12.013541526191588,
        "p90": 16.48703557351844,
        "p95": 17.769585865539717,
        "min": 0.0,
        "max": 27.678954422371085
      }
    }
  },
  "portfolio": {
    "total_mean": 67.02432950600088,
    "total_std": 8.57214902899274,
    "total_var95": 52.91543928720587,
    "total_cvar95": 49.47794301836843,
    "total_p10": 56.058615752764894,
    "total_p50": 67.01143474414852,
    "total_p90": 78.09653485348494
  },
  "parlay_ev": null
}