{
  "meta": {
    "name": "demo",
    "league": "nba",
    "stat_type": "points"
  },
  "results": [
    {
      "scenario": "baseline",
      "n_players": 4,
      "player_ids": [
        "A",
        "B",
        "C",
        "D"
      ],
      "covariance": {
        "min_eig_before": 0.9984588338526939,
        "min_eig_after": 0.9984588338526939,
        "jitter_used": 0.0,
        "stress_scale": 1.0
      },
      "summary": {
        "players": {
          "A": {
            "mean": 22.035163585942758,
            "std": 5.005042964791859,
            "p05": 13.783646175937267,
            "p10": 15.678639862594922,
            "p50": 22.079915082485456,
            "p90": 28.4277533689239,
            "p95": 30.23146654507579,
            "min": 2.2999581101896602,
            "max": 40.63916672381594
          },
          "B": {
            "mean": 17.97800316144378,
            "std": 4.481347597395177,
            "p05": 10.61518792867056,
            "p10": 12.204310562664578,
            "p50": 17.982551099253282,
            "p90": 23.734816249850603,
            "p95": 25.32665028660985,
            "min": 0.0,
            "max": 35.33568059205007
          },
          "C": {
            "mean": 15.009859286599061,
            "std": 4.036734656860984,
            "p05": 8.343634938611952,
            "p10": 9.849805672561407,
            "p50": 15.007874557342648,
            "p90": 20.192946941014824,
            "p95": 21.688771387718788,
            "min": 0.0,
            "max": 29.40583462554389
          },
          "D": {
            "mean": 12.00130347201528,
            "std": 3.4942832171114246,
            "p05": 6.338662780124879,
            "p10": 7.497858936362104,
            "p50": 12.013541526191588,
            "p90": 16.48703557351844,
            "p95": 17.769585865539717,
            "min": 0.0,
            "max": 27.678954422371085
          }
        }
      },
      "portfolio": {
        "total_mean": 67.02432950600088,
        "total_std": 8.57214902899274,
        "total_var95": 52.91543928720587,
        "total_cvar95": 49.47794301836843,
        "total_p10": 56.058615752764894,
        "total_p50": 67.01143474414852,
        "total_p90": 78.09653485348494
      },
      "parlay_ev": null
    },
    {
      "scenario": "corr_stress_1_5x",
      "n_players": 4,
      "player_ids": [
        "A",
        "B",
        "C",
        "D"
      ],
      "covariance": {
        "min_eig_before": 0.9976882507790407,
        "min_eig_after": 0.9976882507790407,
        "jitter_used": 0.0,
        "stress_scale": 1.5
      },
      "summary": {
        "players": {
          "A": {
            "mean": 22.035163585942758,
            "std": 5.005042964791859,
            "p05": 13.783646175937267,
            "p10": 15.678639862594922,
            "p50": 22.079915082485456,
            "p90": 28.4277533689239,
            "p95": 30.23146654507579,
            "min": 2.2999581101896602,
            "max": 40.63916672381594
          },
          "B": {
            "mean": 17.977992199320795,
            "std": 4.481341483097281,
            "p05": 10.61471548895327,
            "p10": 12.202496315894848,
            "p50": 17.982461362979972,
            "p90": 23.734699168745998,
            "p95": 25.32988568977251,
            "min": 0.0,
            "max": 35.33487190876443
          },
          "C": {
            "mean": 15.009856804574694,
            "std": 4.0367287561796985,
            "p05": 8.344742047422264,
            "p10": 9.849575779035183,
            "p50": 15.007437576215914,
            "p90": 20.19299481334526,
            "p95": 21.688886135635418,
            "min": 0.0,
            "max": 29.40308276890388
          },
          "D": {
            "mean": 12.001300060896567,
            "std": 3.494293053988937,
            "p05": 6.33860046498757,
            "p10": 7.498826874989546,
            "p50": 12.012606761030003,
            "p90": 16.486891232649313,
            "p95": 17.767801790544723,
            "min": 0.0,
            "max": 27.680032539254064
          }
        }
      },
      "portfolio": {
        "total_mean": 67.02431265073481,
        "total_std": 8.568856870387034,
        "total_var95": 52.92094204558628,
        "total_cvar95": 49.48478182212891,
        "total_p10": 56.059265785577274,
        "total_p50": 67.01278428521732,
        "total_p90": 78.09319952658176
      },
      "parlay_ev": null
    },
    {
      "scenario": "star_A_out",
      "n_players": 4,
      "player_ids": [
        "A",
        "B",
        "C",
        "D"
      ],
      "covariance": {
        "min_eig_before": 0.9979287652945311,
        "min_eig_after": 0.9979287652945311,
        "jitter_used": 0.0,
        "stress_scale": 1.0
      },
      "summary": {
        "players": {
          "A": {
            "mean": 22.035163585942758,
            "std": 5.005042964791858,
            "p05": 13.78364617593727,
            "p10": 15.678639862594924,
            "p50": 22.079915082485456,
            "p90": 28.427753368923895,
            "p95": 30.23146654507579,
            "min": 2.299958110189664,
            "max": 40.63916672381593
          },
          "B": {
            "mean": 17.9779997882131,
            "std": 4.481345715431939,
            "p05": 10.614622749008857,
            "p10": 12.204033449093805,
            "p50": 17.982774667489792,
            "p90": 23.735084167575124,
            "p95": 25.327645888973663,
            "min": 0.0,
            "max": 35.33543198834131
          },
          "C": {
            "mean": 15.009857792730516,
            "std": 4.036729751017311,
            "p05": 8.344415151699007,
            "p10": 9.849545593365374,
            "p50": 15.007483505348791,
            "p90": 20.193044472772634,
            "p95": 21.689431610134005,
            "min": 0.0,
            "max": 29.403741507322792
          },
          "D": {
            "mean": 12.001300495858395,
            "std": 3.494291794921065,
            "p05": 6.338531796089348,
            "p10": 7.498702197563591,
            "p50": 12.01277442782218,
            "p90": 16.486910574036894,
            "p95": 17.768030482431598,
            "min": 0.0,
            "max": 27.6798941605077
          }
        }
      },
      "portfolio": {
        "total_mean": 67.02432166274475,
        "total_std": 8.569931806249327,
        "total_var95": 52.91904624311426,
        "total_cvar95": 49.48255331186066,
        "total_p10": 56.059531820273634,
        "total_p50": 67.0127948666607,
        "total_p90": 78.09477631500476
      },
      "parlay_ev": null
    }
  ]
}