{
  "meta": {
    "name": "demo",
    "league": "nba",
    "stat_type": "points"
  },
  "results": [
    {
      "scenario": "baseline",
      "n_players": 4,
      "player_ids": [
        "A",
        "B",
        "C",
        "D"
      ],
      "covariance": {
        "min_eig_before": 0.9984588338526939,
        "min_eig_after": 0.9984588338526939,
        "jitter_used": 0.0,
        "stress_scale": 1.0
      },
      "summary": {
        "players": {
          "A": {
            "mean": 22.035163585942758,
            "std": 5.005042964791859,
            "p05": 13.783646175937267,
            "p10": 15.678639862594922,
            "p50": 22.079915082485456,
            "p90": 28.4277533689239,
            "p95": 30.23146654507579,
            "min": 2.2999581101896602,
            "max": 40.63916672381594
          },
          "B": {
            "mean": 17.97800316144378,
            "std": 4.481347597395177,
            "p05": 10.61518792867056,
            "p10": 12.204310562664578,
            "p50": 17.982551099253282,
            "p90": 23.734816249850603,
            "p95": 25.32665028660985,
            "min": 0.0,
            "max": 35.33568059205007
          },
          "C": {
            "mean": 15.009859286599061,
            "std": 4.036734656860984,
            "p05": 8.343634938611952,
            "p10": 9.849805672561407,
            "p50": 15.007874557342648,
            "p90": 20.192946941014824,
            "p95": 21.688771387718788,
            "min": 0.0,
            "max": 29.40583462554389
          },
          "D": {
            "mean": 12.00130347201528,
            "std": 3.4942832171114246,
            "p05": 6.338662780124879,
            "p10": 7.497858936362104,
            "p50": 12.013541526191588,
            "p90": 16.48703557351844,
            "p95": 17.769585865539717,
            "min": 0.0,
            "max": 27.678954422371085
          }
        }
      },
      "portfolio": {
        "total_mean": 67.02432950600088,
        "total_std": 8.57214902899274,
        "total_var95": 52.91543928720587,
        "total_cvar95": 49.47794301836843,
        "total_p10": 56.058615752764894,
        "total_p50": 67.01143474414852,
        "total_p90": 78.09653485348494
      },
      "parlay_ev": null
    },
    {
      "scenario": "corr_stress_1_5x",
      "n_players": 4,
      "player_ids": [
        "A",
        "B",
        "C",
        "D"
      ],
      "covariance": {
        "min_eig_before": 0.9976882507790407,
        "min_eig_after": 0.9976882507790407,
        "jitter_used": 0.0,
        "stress_scale": 1.5
      },
      "summary": {
        "players": {
          "A": {
            "mean": 22.035163585942758,
            "std": 5.005042964791859,
            "p05": 13.783646175937267,
            "p10": 15.678639862594922,
            "p50": 22.079915082485456,
            "p90": 28.4277533689239,
            "p95": 30.23146654507579,
            "min": 2.2999581101896602,
            "max": 40.63916672381594
          },
          "B": {
            "mean": 17.977992199320795,
            "std": 4.481341483097281,
            "p05": 10.61471548895327,
            "p10": 12.202496315894848,
            "p50": 17.982461362979972,
            "p90": 23.734699168745998,
            "p95": 25.32988568977251,
            "min": 0.0,
            "max": 35.33487190876443
          },
          "C": {
            "mean": 15.009856804574694,
            "std": 4.0367287561796985,
            "p05": 8.344742047422264,
            "p10": 9.849575779035183,
            "p50": 15.007437576215914,
            "p90": 20.19299481334526,
            "p95": 21.688886135635418,
            "min": 0.0,
            "max": 29.40308276890388
          },
          "D": {
            "mean": 12.001300060896567,
            "std": 3.494293053988937,
            "p05": 6.33860046498757,
            "p10": 7.498826874989546,
            "p50": 12.012606761030003,
            "p90": 16.486891232649313,
            "p95": 17.767801790544723,
            "min": 0.0,
            "max": 27.680032539254064
          }
        }
      },
      "portfolio": {
        "total_mean": 67.02431265073481,
        "total_std": 8.568856870387034,
        "total_var95": 52.92094204558628,
        "total_cvar95": 49.48478182212891,
        "total_p10": 56.059265785577274,
        "total_p50": 67.01278428521732,
        "total_p90": 78.09319952658176
      },
      "parlay_ev": null
    },
    {
      "scenario": "star_A_out",
      "n_players": 3,
      "player_ids": [
        "B",
        "C",
        "D"
      ],
      "covariance": {
        "min_eig_before": 0.9986817864947094,
        "min_eig_after": 0.9986817864947094,
        "jitter_used": 0.0,
        "stress_scale": 1.0
      },
      "summary": {
        "players": {
          "B": {
            "mean": 17.954700207428704,
            "std": 4.523694082181513,
            "p05": 10.479796110282061,
            "p10": 12.174539342403769,
            "p50": 17.949408298502995,
            "p90": 23.71606792610273,
            "p95": 25.41316263496784,
            "min": 0.0,
            "max": 38.155879129615904
          },
          "C": {
            "mean": 15.004335380396634,
            "std": 3.994423639955415,
            "p05": 8.473374732820952,
            "p10": 9.82627135263832,
            "p50": 15.006821034027698,
            "p90": 20.1246170278148,
            "p95": 21.548079744061646,
            "min": 0.0,
            "max": 29.982724739227752
          },
          "D": {
            "mean": 12.031290351007183,
            "std": 3.503109875580043,
            "p05": 6.307294475562861,
            "p10": 7.578929809765075,
            "p50": 12.054400345719955,
            "p90": 16.530718620179883,
            "p95": 17.793732809857698,
            "min": 0.0,
            "max": 25.796225751989454
          }
        }
      },
      "portfolio": {
        "total_mean": 44.99032593883253,
        "total_std": 6.976663520716492,
        "total_var95": 33.592050192326994,
        "total_cvar95": 30.604119548566153,
        "total_p10": 36.05973606023143,
        "total_p50": 44.966727281174265,
        "total_p90": 53.92125889058969
      },
      "parlay_ev": null,
      "usage_shift": {
        "out_player": "A",
        "usage_before": {
          "A": 0.3,
          "B": 0.26,
          "C": 0.22,
          "D": 0.18
        },
        "usage_after": {
          "B": 0.39499015035341684,
          "C": 0.30652988916419843,
          "D": 0.2584799604823847
        },
        "redistribution": [
          {
            "player_id": "B",
            "original_usage": 0.26,
            "added_usage": 0.13499015035341683,
            "new_usage": 0.39499015035341684,
            "mean_increase": 0.06616660068116684,
            "variance_increase": 0.0017741579812415502,
            "confidence": 0.7144761904761905
          },
          {
            "player_id": "C",
            "original_usage": 0.22,
            "added_usage": 0.08652988916419846,
            "new_usage": 0.30652988916419843,
            "mean_increase": 0.036363155803526254,
            "variance_increase": 0.0006816089252395756,
            "confidence": 0.6796190476190477
          },
          {
            "player_id": "D",
            "original_usage": 0.18,
            "added_usage": 0.0784799604823847,
            "new_usage": 0.2584799604823847,
            "mean_increase": 0.028514385641933107,
            "variance_increase": 0.0005546698723901986,
            "confidence": 0.6540952380952381
          }
        ]
      }
    }
  ]
}