{
  "scenario": "corr_stress_1_5x",
  "n_players": 4,
  "player_ids": [
    "A",
    "B",
    "C",
    "D"
  ],
  "covariance": {
    "min_eig_before": 0.9976882507790407,
    "min_eig_after": 0.9976882507790407,
    "jitter_used": 0.0,
    "stress_scale": 1.5
  },
  "summary": {
    "players": {
      "A": {
        "mean": 22.035163585942758,
        "std": 5.005042964791859,
        "p05": 13.783646175937267,
        "p10": 15.678639862594922,
        "p50": 22.079915082485456,
        "p90": 28.4277533689239,
        "p95": 30.23146654507579,
        "min": 2.2999581101896602,
        "max": 40.63916672381594
      },
      "B": {
        "mean": 17.977992199320795,
        "std": 4.481341483097281,
        "p05": 10.61471548895327,
        "p10": 12.202496315894848,
        "p50": 17.982461362979972,
        "p90": 23.734699168745998,
        "p95": 25.32988568977251,
        "min": 0.0,
        "max": 35.33487190876443
      },
      "C": {
        "mean": 15.009856804574694,
        "std": 4.0367287561796985,
        "p05": 8.344742047422264,
        "p10": 9.849575779035183,
        "p50": 15.007437576215914,
        "p90": 20.19299481334526,
        "p95": 21.688886135635418,
        "min": 0.0,
        "max": 29.40308276890388
      },
      "D": {
        "mean": 12.001300060896567,
        "std": 3.494293053988937,
        "p05": 6.33860046498757,
        "p10": 7.498826874989546,
        "p50": 12.012606761030003,
        "p90": 16.486891232649313,
        "p95": 17.767801790544723,
        "min": 0.0,
        "max": 27.680032539254064
      }
    }
  },
  "portfolio": {
    "total_mean": 67.02431265073481,
    "total_std": 8.568856870387034,
    "total_var95": 52.92094204558628,
    "total_cvar95": 49.48478182212891,
    "total_p10": 56.059265785577274,
    "total_p50": 67.01278428521732,
    "total_p90": 78.09319952658176
  },
  "parlay_ev": null
}