{
  "meta": {
    "name": "demo",
    "league": "nba",
    "stat_type": "points"
  },
  "results": [
    {
      "scenario": "baseline",
      "n_players": 4,
      "player_ids": [
        "A",
        "B",
        "C",
        "D"
      ],
      "covariance": {
        "min_eig_before": 0.9984588338526939,
        "min_eig_after": 0.9984588338526939,
        "jitter_used": 0.0,
        "stress_scale": 1.0
      },
      "summary": {
        "players": {
          "A": {
            "mean": 22.00703271718855,
            "std": 1.0010085929583719,
            "p05": 20.356729235187455,
            "p10": 20.735727972518983,
            "p50": 22.015983016497092,
            "p90": 23.28555067378478,
            "p95": 23.646293309015157,
            "min": 18.05999162203793,
            "max": 25.727833344763187
          },
          "B": {
            "mean": 17.99508853236622,
            "std": 0.9959538626353925,
            "p05": 16.35893065081568,
            "p10": 16.71206901392546,
            "p50": 17.99612246650073,
            "p90": 19.27440361107791,
            "p95": 19.628144508135524,
            "min": 13.534374240972928,
            "max": 21.852373464900015
          },
          "C": {
            "mean": 15.002384686722047,
            "std": 1.009502677116452,
            "p05": 13.335908734652989,
            "p10": 13.71245141814035,
            "p50": 15.001968639335661,
            "p90": 16.298236735253706,
            "p95": 16.672192846929697,
            "min": 10.537215287176611,
            "max": 18.601458656385972
          },
          "D": {
            "mean": 12.000319328943446,
            "std": 0.9985640665246955,
            "p05": 10.382475080035679,
            "p10": 10.713673981817744,
            "p50": 12.00386900748331,
            "p90": 13.282010163862413,
            "p95": 13.648453104439918,
            "min": 7.8426829872188595,
            "max": 16.479701263534597
          }
        }
      },
      "portfolio": {
        "total_mean": 67.00482526522028,
        "total_std": 1.9994929467488702,
        "total_var95": 63.7232552005113,
        "total_cvar95": 62.92809775632078,
        "total_p10": 64.43096485221609,
        "total_p50": 66.99454020115206,
        "total_p90": 69.58970971775062
      },
      "parlay_ev": null
    },
    {
      "scenario": "corr_stress_1_5x",
      "n_players": 4,
      "player_ids": [
        "A",
        "B",
        "C",
        "D"
      ],
      "covariance": {
        "min_eig_before": 0.9976882507790407,
        "min_eig_after": 0.9976882507790407,
        "jitter_used": 0.0,
        "stress_scale": 1.5
      },
      "summary": {
        "players": {
          "A": {
            "mean": 22.00703271718855,
            "std": 1.0010085929583719,
            "p05": 20.356729235187455,
            "p10": 20.735727972518983,
            "p50": 22.015983016497092,
            "p90": 23.28555067378478,
            "p95": 23.646293309015157,
            "min": 18.05999162203793,
            "max": 25.727833344763187
          },
          "B": {
            "mean": 17.995086095831756,
            "std": 0.9959525062519277,
            "p05": 16.35882566421184,
            "p10": 16.711665847976633,
            "p50": 17.99610252510666,
            "p90": 19.274377593054666,
            "p95": 19.628863486616112,
            "min": 13.534364098223811,
            "max": 21.852193757503205
          },
          "C": {
            "mean": 15.002384103474851,
            "std": 1.0095010610443786,
            "p05": 13.336185511855566,
            "p10": 13.712393944758796,
            "p50": 15.001859394053978,
            "p90": 16.298248703336316,
            "p95": 16.672221533908854,
            "min": 10.53730792460578,
            "max": 18.600770692225968
          },
          "D": {
            "mean": 12.000318381728107,
            "std": 0.9985667734601104,
            "p05": 10.382457275710733,
            "p10": 10.713950535711298,
            "p50": 12.003601931722859,
            "p90": 13.28196892361409,
            "p95": 13.647943368727063,
            "min": 7.842892767747991,
            "max": 16.480009296929733
          }
        }
      },
      "portfolio": {
        "total_mean": 67.00482129822326,
        "total_std": 1.9987282013547283,
        "total_var95": 63.72427061817425,
        "total_cvar95": 62.92969675991818,
        "total_p10": 64.43147094720462,
        "total_p50": 66.99452423087115,
        "total_p90": 69.5890506484686
      },
      "parlay_ev": null
    }
  ]
}